CASSLTAPDTEAFF	TRBV5-4	TRBJ1-1	KRWIILGLNK	NA	1
CASSLTAPDTDAFF	TRBV5-4	TRBJ1-1	KAFSPEVIPMF	NA	1
CASSLDLSSGANVLTF	TRBV5-4	TRBJ2-6	YVLDHLIVV	NA	1
CASSFLLDGYTF	TRBV5-4	TRBJ1-2	KAFSPEVIPMF	NA	1
CASTEYSGSIEQFF	TRBV9	TRBJ2-1	KRWIILGLNK	NA	1
CASTAPATNTGELFF	TRBV9	TRBJ2-2	ATDALMTGY	NA	1
CASSVWGDPSYEQYF	TRBV9	TRBJ2-7	GTSGSPIINR	NA	1
CASSVVSDNEQFF	TRBV9	TRBJ2-1	KRWIILGLNK	NA	1
CASSVVGGVDEQFF	TRBV9	TRBJ2-1	ATDALMTGY	NA	1
CASSVGRFVGPYEKLFF	TRBV9	TRBJ1-4	LLLGIGILV	NA	1
CASSVGQGVTYEQYF	TRBV9	TRBJ2-7	VTEHDTLLY	NA	1
CASSVGQGKTYEQYF	TRBV9	TRBJ2-7	VTEHDTLLY	NA	1
CASSVGGEQFF	TRBV9	TRBJ2-1	GTSGSPIINR	NA	1
CASSVGEGFDIQYF	TRBV9	TRBJ2-4	KAFSPEVIPMF	NA	1
CASSVESGGLSYEQYF	TRBV9	TRBJ2-7	LPRRSGAAGA	NA	1
CASSVDEGNTGELFF	TRBV9	TRBJ2-2	CINGVCWTV	NA	1
CASSVATVMTGELFF	TRBV9	TRBJ2-2	ATDALMTGY	NA	1
CASSVATLNTGELFF	TRBV9	TRBJ2-2	ATDALMTGY	NA	1
CASSVATEGYGYTF	TRBV9	TRBJ1-2	LLWNGPMAV	NA	1
CASSVAETNTGELFF	TRBV9	TRBJ2-2	ATDALMTGY	NA	1
CASSVADAGAISSGANVLTF	TRBV9	TRBJ2-6	GTSGSPIINR	NA	1
CASSTGTSNTGELFF	TRBV9	TRBJ2-2	ATDALMTGY	NA	1
CASSSRQGNLIDEQFF	TRBV9	TRBJ2-1	TPRVTGGGAM	NA	1
CASSSPASSTDTQYF	TRBV9	TRBJ2-3	ATDALMTGY	NA	1
CASSSGVTNTGELFF	TRBV9	TRBJ2-2	ATDALMTGY	NA	1
CASSSGTVNTGELFF	TRBV9	TRBJ2-2	ATDALMTGY	NA	1
CASSSGTINTGELFF	TRBV9	TRBJ2-2	ATDALMTGY	NA	1
CASSRADLSYEQYF	TRBV9	TRBJ2-7	KRWIILGLNK	NA	1
CASSPPLAGGPYNEQFF	TRBV9	TRBJ2-1	GTSGSPIVNR	NA	1
CASSMADLSYEQYF	TRBV9	TRBJ2-7	KRWIILGLNK	NA	1
CASSLPDINTGELFF	TRBV9	TRBJ2-2	ATDALMTGY	NA	1
CASSLHGTSKLNEQFF	TRBV9	TRBJ2-1	GTSGSPIVNR	NA	1
CASSGTTSFDEQFF	TRBV9	TRBJ2-1	KAFSPEVIPMF	NA	1
CASSGTASFDEQFF	TRBV9	TRBJ2-1	KAFSPEVIPMF	NA	1
CASSGGAAYEQYF	TRBV9	TRBJ2-7	GTSGSPIINR	NA	1
CASSEGGQAYNEQFF	TRBV9	TRBJ2-1	LLWNGPMAV	NA	1
CASSAYQGTGELFF	TRBV9	TRBJ2-2	GTSGSPIVNR	NA	1
CASSAGTINTGELFF	TRBV9	TRBJ2-2	ATDALMTGY	NA	1
CASRGGTINTGELFF	TRBV9	TRBJ2-2	ATDALMTGY	NA	1
CASMSRDLNTGELFF	TRBV9	TRBJ2-2	ATDALMTGY	NA	1
CASGSQGSTDTQYF	TRBV9	TRBJ2-3	ATDALMTGY	NA	1
CASEAGTVNTNTQYF	TRBV9	TRBJ2-3	ATDALMTGY	NA	1
CASSRGQGSADTQYF	TRBV5-5	TRBJ2-3	YVLDHLIVV	NA	1
CASSLVFGTAGGQQFF	TRBV5-5	TRBJ2-1	TPQDLNTML	NA	1
CASSLAFGTGAGELFF	TRBV5-5	TRBJ2-2	TPQDLNTML	NA	1
CASSFTGTSGPQETQYF	TRBV5-5	TRBJ2-5	TPQDLNTML	NA	1
CASSSNRDRNTIYF	TRBV5-6	TRBJ1-3	RAKFKQLL	NA	1
CASSLRDGSEAFF	TRBV5-6	TRBJ1-1	RAKFKQLL	NA	1
CASSLGTSGGFTDTQYF	TRBV5-6	TRBJ2-3	CINGVCWTV	NA	1
CASSLATDGYTF	TRBV5-6	TRBJ1-2	TPQDLNTML	NA	1
CASSLAGTQETQYF	TRBV5-6	TRBJ2-5	KAFSPEVIPMF	NA	1
CASSLAGGQETQYF	TRBV5-6	TRBJ2-5	KAFSPEVIPMF	NA	1
CASSFRLGQGHYGYTF	TRBV5-6	TRBJ1-2	YVLDHLIVV	NA	1
CATTQYGTDTQYF	TRBV15	TRBJ2-3	RAKFKQLL	NA	1
CATSWTGTYEQYF	TRBV15	TRBJ2-7	YVLDHLIVV	NA	1
CATSTTFQTDYAEPYGYTF	TRBV15	TRBJ1-2	CINGVCWTV	NA	1
CATSSLSGRVTGELFF	TRBV15	TRBJ2-2	VTEHDTLLY	NA	1
CATSSFPRLEWDEQFF	TRBV15	TRBJ2-1	RAKFKQLL	NA	1
CATSRGQAYEQYF	TRBV15	TRBJ2-7	LLWNGPMAV	NA	1
CATSPGQGFYNEQFF	TRBV15	TRBJ2-1	CINGVCWTV	NA	1
CATSNLDSFGGYTF	TRBV15	TRBJ1-2	CINGVCWTV	NA	1
CATSMGQTTYEQYF	TRBV15	TRBJ2-7	KRWIILGLNK	NA	1
CATSGEGQGGPYGYTF	TRBV15	TRBJ1-2	KAFSPEVIPMF	NA	1
CATKRTGTDTQYF	TRBV15	TRBJ2-3	RAKFKQLL	NA	1
CATHRAGGFNEQFF	TRBV15	TRBJ2-1	VTEHDTLLY	NA	1
CATGLAGGNEQFF	TRBV15	TRBJ2-1	LLWNGPMAV	NA	1
CASTSAGTPDNEQFF	TRBV4-1	TRBJ2-1	RAKFKQLL	NA	1
CASSQGVGENTEAFF	TRBV4-1	TRBJ1-1	RAKFKQLL	NA	1
CASSQGPFREEAFF	TRBV4-1	TRBJ1-1	LLLGIGILV	NA	1
CASSQGGYSNQPQHF	TRBV4-1	TRBJ1-5	GTSGSPIVNR	NA	1
CASSQGGQGAPYEQYF	TRBV4-1	TRBJ2-7	CINGVCWTV	NA	1
CASSQGFGGGETQYF	TRBV4-1	TRBJ2-5	YVLDHLIVV	NA	1
CASSQETGSYEQFF	TRBV4-1	TRBJ2-1	RAKFKQLL	NA	1
CASSQESGTEAFF	TRBV4-1	TRBJ1-1	CINGVCWTV	NA	1
CASSQEKGTEAFF	TRBV4-1	TRBJ1-1	CINGVCWTV	NA	1
CASSQEGQLSYEQYF	TRBV4-1	TRBJ2-7	RAKFKQLL	NA	1
CASSQEGGGQGQPQHF	TRBV4-1	TRBJ1-5	TPQDLNTML	NA	1
CASSQEGGGGGQPQHF	TRBV4-1	TRBJ1-5	TPQDLNTML	NA	1
CASSQEGGGDGQPQHF	TRBV4-1	TRBJ1-5	TPQDLNTML	NA	1
CASSQDPGLNEKLFF	TRBV4-1	TRBJ1-4	GTSGSPIINR	NA	1
CASSQAQSGTAPYEQYF	TRBV4-1	TRBJ2-7	CINGVCWTV	NA	1
CASSQAENTEAFF	TRBV4-1	TRBJ1-1	CINGVCWTV	NA	1
CASSPTSGEYNEQFF	TRBV4-1	TRBJ2-1	RAKFKQLL	NA	1
CASSPSWGRNQPQHF	TRBV4-1	TRBJ1-5	GTSGSPIVNR	NA	1
CASSPGTGEGYEQYF	TRBV4-1	TRBJ2-7	RAKFKQLL	NA	1
CASSPGQGVTPLHF	TRBV4-1	TRBJ1-6	RAKFKQLL	NA	1
CASSFGQGEGYEQYF	TRBV4-1	TRBJ2-7	RAKFKQLL	NA	1
CASRRPREGLANEQFF	TRBV4-1	TRBJ2-1	GTSGSPIVNR	NA	1
CASSTGLAGGKEQYF	TRBV4-3	TRBJ2-7	KRWIILGLNK	NA	1
CASSSAEPYNSPLHF	TRBV4-3	TRBJ1-6	TPRVTGGGAM	NA	1
CASSRGTSDYEQYF	TRBV4-3	TRBJ2-7	KRWIILGLNK	NA	1
CASSQGVSSTEAFF	TRBV4-3	TRBJ1-1	KRWIILGLNK	NA	1
CASSQGVLAYEQYF	TRBV4-3	TRBJ2-7	KRWIILGLNK	NA	1
CASSQGTSDYEQYF	TRBV4-3	TRBJ2-7	KRWIILGLNK	NA	1
CASSQGRLSAEAFF	TRBV4-3	TRBJ1-1	KRWIILGLNK	NA	1
CASSQGRGDYGYTF	TRBV4-3	TRBJ1-2	KRWIILGLNK	NA	1
CASSQGQYSHEQYF	TRBV4-3	TRBJ2-7	KRWIILGLNK	NA	1
CASSQGQLNTQYF	TRBV4-3	TRBJ2-3	KRWIILGLNK	NA	1
CASSQGQFGNEQFF	TRBV4-3	TRBJ2-1	KRWIILGLNK	NA	1
CASSQGLQGSEQFF	TRBV4-3	TRBJ2-1	KRWIILGLNK	NA	1
CASSQGLAGREQYF	TRBV4-3	TRBJ2-7	KRWIILGLNK	NA	1
CASSQGIFAYEQYF	TRBV4-3	TRBJ2-7	KRWIILGLNK	NA	1
CASSQGAGGIEQFF	TRBV4-3	TRBJ2-1	KRWIILGLNK	NA	1
CASSQETPRGPPLAKNIQYF	TRBV4-3	TRBJ2-4	KAFSPEVIPMF	NA	1
CASSQERGGKWAYEQYF	TRBV4-3	TRBJ2-7	VTEHDTLLY	NA	1
CASSQDSLTGQANSPLHF	TRBV4-3	TRBJ1-6	TPRVTGGGAM	NA	1
CASSQDITFPKQFF	TRBV4-3	TRBJ2-1	KRWIILGLNK	NA	1
CASSPTRNTEAFF	TRBV4-3	TRBJ1-1	TPRVTGGGAM	NA	1
CASSPSRNTEAFF	TRBV4-3	TRBJ1-1	TPRVTGGGAM	NA	1
CASSPGVFGVTQYF	TRBV4-3	TRBJ2-3	KRWIILGLNK	NA	1
CASSPGRTSHEQFF	TRBV4-3	TRBJ2-1	KRWIILGLNK	NA	1
CASSPGRLSHEQFF	TRBV4-3	TRBJ2-1	KRWIILGLNK	NA	1
CASSPGRLGNEQYF	TRBV4-3	TRBJ2-7	KRWIILGLNK	NA	1
CASSPGQYSHEQYF	TRBV4-3	TRBJ2-7	KRWIILGLNK	NA	1
CASSPGQVAYEQYF	TRBV4-3	TRBJ2-7	KRWIILGLNK	NA	1
CASSPGQLGNTIYF	TRBV4-3	TRBJ1-3	KRWIILGLNK	NA	1
CASSPGQFSHEAFF	TRBV4-3	TRBJ1-1	KRWIILGLNK	NA	1
CASSPGQFGNTIYF	TRBV4-3	TRBJ1-3	KRWIILGLNK	NA	1
CASSPARNTEAFF	TRBV4-3	TRBJ1-1	TPRVTGGGAM	NA	1
CASSLGTSSYEQYF	TRBV4-3	TRBJ2-7	KRWIILGLNK	NA	1
CASSLGTSAYEQYF	TRBV4-3	TRBJ2-7	KRWIILGLNK	NA	1
CASSAGISAYEQYF	TRBV4-3	TRBJ2-7	KRWIILGLNK	NA	1
CASGSGLANNEQFF	TRBV4-3	TRBJ2-1	KRWIILGLNK	NA	1
CASATGIFNNEQFF	TRBV4-3	TRBJ2-1	KRWIILGLNK	NA	1
CANSLGTSSYEQYF	TRBV4-3	TRBJ2-7	KRWIILGLNK	NA	1
CASSTRQNTEAFF	TRBV3-1	TRBJ1-1	KRWIILGLNK	NA	1
CASSRYQTEAFF	TRBV3-1	TRBJ1-1	KRWIILGLNK	NA	1
CASSRFLGSGGAAEQFF	TRBV3-1	TRBJ2-1	CINGVCWTV	NA	1
CASSQVRGRGEQYF	TRBV3-1	TRBJ2-7	RAKFKQLL	NA	1
CASSQVRGGYEQFF	TRBV3-1	TRBJ2-1	RAKFKQLL	NA	1
CASSQTTSVNTEAFF	TRBV3-1	TRBJ1-1	RAKFKQLL	NA	1
CASSQTLAGGGETQYF	TRBV3-1	TRBJ2-5	YVLDHLIVV	NA	1
CASSQKGLDTEAFF	TRBV3-1	TRBJ1-1	TPRVTGGGAM	NA	1
CASSQGVTTGGFLNYGYTF	TRBV3-1	TRBJ1-2	KAFSPEVIPMF	NA	1
CASSQAREQFF	TRBV3-1	TRBJ2-1	KRWIILGLNK	NA	1
CASSQAGQGNSPLHF	TRBV3-1	TRBJ1-6	RAKFKQLL	NA	1
CASSPSLVGSADTQYF	TRBV3-1	TRBJ2-3	YVLDHLIVV	NA	1
CASSLLPYNALVSGTDTQYF	TRBV3-1	TRBJ2-3	TPRVTGGGAM	NA	1
CASSLIRGTGELFF	TRBV3-1	TRBJ2-2	RAKFKQLL	NA	1
CASSLHFEVEKLFF	TRBV3-1	TRBJ1-4	YVLDHLIVV	NA	1
CASSGGTSFREQFF	TRBV3-1	TRBJ2-1	GTSGSPIVNR	NA	1
CASSGDHSYEQYF	TRBV3-1	TRBJ2-7	LPRRSGAAGA	NA	1
CASGQKGLDTEAFF	TRBV3-1	TRBJ1-1	TPRVTGGGAM	NA	1
CASSQVQGTSGGEQYF	TRBV4-2	TRBJ2-7	RAKFKQLL	NA	1
CASSQGVLLNEQFF	TRBV4-2	TRBJ2-1	YVLDHLIVV	NA	1
CASSQGTGGGYGYTF	TRBV4-2	TRBJ1-2	RAKFKQLL	NA	1
CASSQGPNLQETQYF	TRBV4-2	TRBJ2-5	RAKFKQLL	NA	1
CASSQAQGMGNSPLHF	TRBV4-2	TRBJ1-6	RAKFKQLL	NA	1
CASSPLIGTSGTEAFF	TRBV4-2	TRBJ1-1	RAKFKQLL	NA	1
CASSPGVTSGRMGEQYF	TRBV4-2	TRBJ2-7	YVLDHLIVV	NA	1
CASSPGQVTPLHF	TRBV4-2	TRBJ1-6	RAKFKQLL	NA	1
CASYNFGQYGYTF	TRBV5-1	TRBJ1-2	KAFSPEVIPMF	NA	1
CASSYSGGVFEQFF	TRBV5-1	TRBJ2-1	RAKFKQLL	NA	1
CASSWTGPSYEQYF	TRBV5-1	TRBJ2-7	VTEHDTLLY	NA	1
CASSVASGTSGGGQFF	TRBV5-1	TRBJ2-1	TPQDLNTML	NA	1
CASSSDPSGSIAYEQYF	TRBV5-1	TRBJ2-7	RAKFKQLL	NA	1
CASSPGTGSYEQYF	TRBV5-1	TRBJ2-7	RAKFKQLL	NA	1
CASSLTAGNNYGYTF	TRBV5-1	TRBJ1-2	RAKFKQLL	NA	1
CASSLTAGNNCGYTF	TRBV5-1	TRBJ1-2	RAKFKQLL	NA	1
CASSLSDVSWNTEAFF	TRBV5-1	TRBJ1-1	TPQDLNTML	NA	1
CASSLRGLAFTSSYNEQFF	TRBV5-1	TRBJ2-1	KRWIILGLNK	NA	1
CASSLEGLVAVETQYF	TRBV5-1	TRBJ2-5	CINGVCWTV	NA	1
CASSLDSQSSGNTIYF	TRBV5-1	TRBJ1-3	RAKFKQLL	NA	1
CASSLAFGTSGGEQYF	TRBV5-1	TRBJ2-7	TPQDLNTML	NA	1
CASSLAETSADGYTF	TRBV5-1	TRBJ1-2	KAFSPEVIPMF	NA	1
CASSGRNEQFF	TRBV5-1	TRBJ2-1	KAFSPEVIPMF	NA	1
CASSFVDSLSNQPQHF	TRBV5-1	TRBJ1-5	KRWIILGLNK	NA	1
CASSATGLSVTDTQYF	TRBV5-1	TRBJ2-3	RAKFKQLL	NA	1
CASREDGGGYEQYF	TRBV5-1	TRBJ2-7	ARMILMTHF	NA	1
CASRAGLAEVSYEQYF	TRBV5-1	TRBJ2-7	RAKFKQLL	NA	1
CASSDLANEQFF	TRBV10-1	TRBJ2-1	YVLDHLIVV	NA	1
CASRPDFTGEQYF	TRBV10-1	TRBJ2-7	LLLGIGILV	NA	1
CASGQSGTAYNEQFF	TRBV10-1	TRBJ2-1	KRWIILGLNK	NA	1
CASSGSGTGYGYTF	TRBV25-1	TRBJ1-2	KAFSPEVIPMF	NA	1
CASSESRMGSQANYGYTF	TRBV25-1	TRBJ1-2	KAFSPEVIPMF	NA	1
CASSDPGQYGYTF	TRBV25-1	TRBJ1-2	KAFSPEVIPMF	NA	1
CAVQPGQGMQPQHF	TRBV10-3	TRBJ1-5	ATDALMTGY	NA	1
CAISHTGELFF	TRBV10-3	TRBJ2-2	KRWIILGLNK	NA	1
CAISESTVGNQPQHF	TRBV10-3	TRBJ1-5	ATDALMTGY	NA	1
CAISESTAGSQPQHF	TRBV10-3	TRBJ1-5	ATDALMTGY	NA	1
CAISESTAGNNEQFF	TRBV10-3	TRBJ2-1	ATDALMTGY	NA	1
CAISESSSGSNEQFF	TRBV10-3	TRBJ2-1	ATDALMTGY	NA	1
CAISESSSGNQPQHF	TRBV10-3	TRBJ1-5	ATDALMTGY	NA	1
CAISESSSGANVLTF	TRBV10-3	TRBJ2-6	ATDALMTGY	NA	1
CAISESSIGNQPQHF	TRBV10-3	TRBJ1-5	ATDALMTGY	NA	1
CAISESSAGNQPQHF	TRBV10-3	TRBJ1-5	ATDALMTGY	NA	1
CAISESQGNTEAFF	TRBV10-3	TRBJ1-1	ATDALMTGY	NA	1
CAISESATGYQPQHF	TRBV10-3	TRBJ1-5	ATDALMTGY	NA	1
CAISESASGSNEQYF	TRBV10-3	TRBJ2-7	ATDALMTGY	NA	1
CAISEGVSGGYNEQFF	TRBV10-3	TRBJ2-1	ATDALMTGY	NA	1
CAISEGTVGFDEQYF	TRBV10-3	TRBJ2-7	ATDALMTGY	NA	1
CAISEGTGGHQPQHF	TRBV10-3	TRBJ1-5	ATDALMTGY	NA	1
CAISEGAMGNQPQHF	TRBV10-3	TRBJ1-5	ATDALMTGY	NA	1
CAISEEGIGNQPQHF	TRBV10-3	TRBJ1-5	ATDALMTGY	NA	1
CAISEDRALVSYTF	TRBV10-3	TRBJ1-2	ATDALMTGY	NA	1
CAISEDRALNEQFF	TRBV10-3	TRBJ2-1	ATDALMTGY	NA	1
CAISDSSSGSNEQFF	TRBV10-3	TRBJ2-1	ATDALMTGY	NA	1
CAISDQTSGNQPQHF	TRBV10-3	TRBJ1-5	ATDALMTGY	NA	1
CAISDGTVNNQPQHF	TRBV10-3	TRBJ1-5	ATDALMTGY	NA	1
CAISDAGAGNQPQHF	TRBV10-3	TRBJ1-5	ATDALMTGY	NA	1
CAISATGAVTEAFF	TRBV10-3	TRBJ1-1	RAKFKQLL	NA	1
CAIRSGTINTGELFF	TRBV10-3	TRBJ2-2	ATDALMTGY	NA	1
CAIGTGTISTETQYF	TRBV10-3	TRBJ2-5	ATDALMTGY	NA	1
CAIGGHDYGYTF	TRBV10-3	TRBJ1-2	KAFSPEVIPMF	NA	1
CAIGDDRAGNQPQHF	TRBV10-3	TRBJ1-5	ATDALMTGY	NA	1
CAAADEEIGNQPQHF	TRBV10-3	TRBJ1-5	ATDALMTGY	NA	1
CASTTEGGLIHEKLFF	TRBV28	TRBJ1-4	YVLDHLIVV	NA	1
CASTASYGYTF	TRBV28	TRBJ1-2	KAFSPEVIPMF	NA	1
CASSTASYEQYF	TRBV28	TRBJ2-7	LLLGIGILV	NA	1
CASSSSLGFGELFF	TRBV28	TRBJ2-2	YVLDHLIVV	NA	1
CASSSRRRGMNTEAFF	TRBV28	TRBJ1-1	TPQDLNTML	NA	1
CASSSRQNTEAFF	TRBV28	TRBJ1-1	KRWIILGLNK	NA	1
CASSSLTGSGQPQHF	TRBV28	TRBJ1-5	YVLDHLIVV	NA	1
CASSSLRGSNQPQHF	TRBV28	TRBJ1-5	YVLDHLIVV	NA	1
CASSSLQGNGQPQHF	TRBV28	TRBJ1-5	YVLDHLIVV	NA	1
CASSSLIRGLGNQPQHF	TRBV28	TRBJ1-5	KAFSPEVIPMF	NA	1
CASSSGQGNIQYF	TRBV28	TRBJ2-4	CINGVCWTV	NA	1
CASSSFLSSGETQYF	TRBV28	TRBJ2-5	KAFSPEVIPMF	NA	1
CASSRPVGLFNYGYTF	TRBV28	TRBJ1-2	CINGVCWTV	NA	1
CASSQRLAGAHEQYF	TRBV28	TRBJ2-7	TPRVTGGGAM	NA	1
CASSPLPGTTGTDTQYF	TRBV28	TRBJ2-3	YVLDHLIVV	NA	1
CASSLYSDTQYF	TRBV28	TRBJ2-3	YVLDHLIVV	NA	1
CASSLTLAGGIGTDTQYF	TRBV28	TRBJ2-3	CINGVCWTV	NA	1
CASSLTGTGFKQFF	TRBV28	TRBJ2-1	CINGVCWTV	NA	1
CASSLRGGNTDTQYF	TRBV28	TRBJ2-3	KRWIILGLNK	NA	1
CASSLQTGQETQYF	TRBV28	TRBJ2-5	TPRVTGGGAM	NA	1
CASSLLGLAGVGELFF	TRBV28	TRBJ2-2	CINGVCWTV	NA	1
CASSLGRETQYF	TRBV28	TRBJ2-5	LPRRSGAAGA	NA	1
CASSLEGSYEQYF	TRBV28	TRBJ2-7	RAKFKQLL	NA	1
CASSFQGSNEKLFF	TRBV28	TRBJ1-4	RAKFKQLL	NA	1
CASSDRQNTEAFF	TRBV28	TRBJ1-1	KRWIILGLNK	NA	1
CASSDRQNSPLHF	TRBV28	TRBJ1-6	KRWIILGLNK	NA	1
CASRTTSGGASEQFF	TRBV28	TRBJ2-1	YVLDHLIVV	NA	1
CASRRQRTDTEAFF	TRBV28	TRBJ1-1	TPRVTGGGAM	NA	1
CASRLLAGAYEQYF	TRBV28	TRBJ2-7	CINGVCWTV	NA	1
CASRATMGGGTEAFF	TRBV28	TRBJ1-1	YVLDHLIVV	NA	1
CASGGTGATYSNQPQHF	TRBV28	TRBJ1-5	LLLGIGILV	NA	1
CASGDRQNSPLHF	TRBV28	TRBJ1-6	KRWIILGLNK	NA	1
CAGRPRLAGGNNEQFF	TRBV28	TRBJ2-1	RAKFKQLL	NA	1
CAGPQGRETQYF	TRBV28	TRBJ2-5	YVLDHLIVV	NA	1
CAWTGTNYGYTF	TRBV30	TRBJ1-2	KAFSPEVIPMF	NA	1
CAWSPGPVNEQFF	TRBV30	TRBJ2-1	LLWNGPMAV	NA	1
CAWSGLSGSYNEQFF	TRBV30	TRBJ2-1	YVLDHLIVV	NA	1
CAWSGDRAMVSGELFF	TRBV30	TRBJ2-2	LLWNGPMAV	NA	1
CAWSDRGLVDTQYF	TRBV30	TRBJ2-3	LPRRSGAAGA	NA	1
CASTVQGRETQYF	TRBV6-2	TRBJ2-5	YVLDHLIVV	NA	1
CASSYSPLNTEAFF	TRBV6-2	TRBJ1-1	TPRVTGGGAM	NA	1
CASSYSGNTEAFF	TRBV6-2	TRBJ1-1	TPRVTGGGAM	NA	1
CASSYMGVEQFF	TRBV6-2	TRBJ2-1	YVLDHLIVV	NA	1
CASSPGAGLYNEQFF	TRBV6-2	TRBJ2-1	YVLDHLIVV	NA	1
CASSPDSNNEQFF	TRBV6-2	TRBJ2-1	KRWIILGLNK	NA	1
CASSLTTGIQYF	TRBV6-2	TRBJ2-4	YVLDHLIVV	NA	1
CASSLQGSNQPQHF	TRBV6-2	TRBJ1-5	YVLDHLIVV	NA	1
CASSYSNLPVFSPNQPQHF	TRBV6-5	TRBJ1-5	ARMILMTHF	NA	1
CASSYSDGNEAFF	TRBV6-6	TRBJ1-1	KAFSPEVIPMF	NA	1
CASSYSAGTLDYGYTF	TRBV6-6	TRBJ1-2	CINGVCWTV	NA	1
CASSYGQAYQPQHF	TRBV6-5	TRBJ1-5	ARMILMTHF	NA	1
CASSYGGTGPEGSSYEQYF	TRBV6-6	TRBJ2-7	TPQDLNTML	NA	1
CASSSLVNTGELFF	TRBV6-5	TRBJ2-2	KAFSPEVIPMF	NA	1
CASSQGTTDTQYF	TRBV6-6	TRBJ2-3	KRWIILGLNK	NA	1
CASRTGQGAYEQYF	TRBV6-5	TRBJ2-7	KRWIILGLNK	NA	1
CASRPGQGSHEQYF	TRBV6-5	TRBJ2-7	KRWIILGLNK	NA	1
CASRPGQGSHEQFF	TRBV6-5	TRBJ2-1	KRWIILGLNK	NA	1
CASRPGQGNNEQFF	TRBV6-5	TRBJ2-1	KRWIILGLNK	NA	1
CASRKGQGDWEAFF	TRBV6-5	TRBJ1-1	KAFSPEVIPMF	NA	1
CASREGLGGTEAFF	TRBV6-5	TRBJ1-1	KRWIILGLNK	NA	1
CALTGGDYGYTF	TRBV6-5	TRBJ1-2	KAFSPEVIPMF	NA	1
CATTVGVIGNQPQHF	TRBV19	TRBJ1-5	ATDALMTGY	NA	1
CATTGSYGYTF	TRBV19	TRBJ1-2	KAFSPEVIPMF	NA	1
CATTGQDYGYTF	TRBV19	TRBJ1-2	KAFSPEVIPMF	NA	1
CATTGGNYGYTF	TRBV19	TRBJ1-2	KAFSPEVIPMF	NA	1
CATTDTYGYTF	TRBV19	TRBJ1-2	KAFSPEVIPMF	NA	1
CATRGTVINTGELFF	TRBV19	TRBJ2-2	ATDALMTGY	NA	1
CATAEGAGELFF	TRBV19	TRBJ2-2	TPRVTGGGAM	NA	1
CASTTGTIGNQPQHF	TRBV19	TRBJ1-5	ATDALMTGY	NA	1
CASTPDLSSYNEQFF	TRBV19	TRBJ2-1	ATDALMTGY	NA	1
CASTGTDYGYTF	TRBV19	TRBJ1-2	KAFSPEVIPMF	NA	1
CASTGTAYGYTF	TRBV19	TRBJ1-2	KAFSPEVIPMF	NA	1
CASTGSYGYTF	TRBV19	TRBJ1-2	KAFSPEVIPMF	NA	1
CASTGGSYGYTF	TRBV19	TRBJ1-2	KAFSPEVIPMF	NA	1
CASTGGGYGYTF	TRBV19	TRBJ1-2	KAFSPEVIPMF	NA	1
CASTDSYGYTF	TRBV19	TRBJ1-2	KAFSPEVIPMF	NA	1
CASSTSYGYTF	TRBV19	TRBJ1-2	KAFSPEVIPMF	NA	1
CASSTKQGWYEQYF	TRBV19	TRBJ2-7	ARMILMTHF	NA	1
CASSSRQNYGYTF	TRBV19	TRBJ1-2	KAFSPEVIPMF	NA	1
CASSREVYGYTF	TRBV19	TRBJ1-2	KAFSPEVIPMF	NA	1
CASSPREIGNQPQHF	TRBV19	TRBJ1-5	ATDALMTGY	NA	1
CASSMTYGYTF	TRBV19	TRBJ1-2	KAFSPEVIPMF	NA	1
CASSMRRGTDTQYF	TRBV19	TRBJ2-3	LLWNGPMAV	NA	1
CASSMLLGGGQPQHF	TRBV19	TRBJ1-5	YVLDHLIVV	NA	1
CASSMIQGADTQYF	TRBV19	TRBJ2-3	TPQDLNTML	NA	1
CASSMGTGAHEQYF	TRBV19	TRBJ2-7	ATDALMTGY	NA	1
CASSKEDREKETQYF	TRBV19	TRBJ2-5	TPRVTGGGAM	NA	1
CASSIVGHMNTEAFF	TRBV19	TRBJ1-1	ARMILMTHF	NA	1
CASSIVGHLNTEAFF	TRBV19	TRBJ1-1	ARMILMTHF	NA	1
CASSIRHSEYTDTQYF	TRBV19	TRBJ2-3	ATDALMTGY	NA	1
CASSIRDAGNQPQHF	TRBV19	TRBJ1-5	ATDALMTGY	NA	1
CASSIGGWRAEATNEKLFF	TRBV19	TRBJ1-4	ATDALMTGY	NA	1
CASSHWREESEQFF	TRBV19	TRBJ2-1	LLWNGPMAV	NA	1
CASSGTYGYTF	TRBV19	TRBJ1-2	KAFSPEVIPMF	NA	1
CASSGSYGYTF	TRBV19	TRBJ1-2	KAFSPEVIPMF	NA	1
CASSGRNYGYTF	TRBV19	TRBJ1-2	KAFSPEVIPMF	NA	1
CASSGQNYGYTF	TRBV19	TRBJ1-2	KAFSPEVIPMF	NA	1
CASSGQLYGYTF	TRBV19	TRBJ1-2	KAFSPEVIPMF	NA	1
CASSGQGYGYTF	TRBV19	TRBJ1-2	KAFSPEVIPMF	NA	1
CASSGQGGYTF	TRBV19	TRBJ1-2	KAFSPEVIPMF	NA	1
CASSGQDYGYTF	TRBV19	TRBJ1-2	KAFSPEVIPMF	NA	1
CASSFLAGGNEQFF	TRBV19	TRBJ2-1	LLWNGPMAV	NA	1
CASSATYGYTF	TRBV19	TRBJ1-2	KAFSPEVIPMF	NA	1
CASRGLLGGITEAFF	TRBV19	TRBJ1-1	YVLDHLIVV	NA	1
CASRGFLGGGQPQHF	TRBV19	TRBJ1-5	YVLDHLIVV	NA	1
CASRALDITLGNVLTF	TRBV19	TRBJ2-6	ATDALMTGY	NA	1
CASMGGASYNEQFF	TRBV19	TRBJ2-1	YVLDHLIVV	NA	1
CASILRDFSSGNTIYF	TRBV19	TRBJ1-3	ATDALMTGY	NA	1
CASIDRTIGNQPQHF	TRBV19	TRBJ1-5	ATDALMTGY	NA	1
CASSSHDTGGYNSPLHF	TRBV6-4	TRBJ1-6	TPRVTGGGAM	NA	1
CASSSHDRQGASSPLHF	TRBV6-4	TRBJ1-6	TPRVTGGGAM	NA	1
CASSLHDRGSRTEAFF	TRBV6-4	TRBJ1-1	TPRVTGGGAM	NA	1
CASSLDVGEQYF	TRBV6-4	TRBJ2-7	KRWIILGLNK	NA	1
CASSEGANTEAFF	TRBV6-4	TRBJ1-1	LLWNGPMAV	NA	1
CASSDSGTDTQYF	TRBV6-4	TRBJ2-3	LLWNGPMAV	NA	1
CASSDRTVRAYEQYF	TRBV6-4	TRBJ2-7	KRWIILGLNK	NA	1
CSVPGLAQNEQFF	TRBV20-1	TRBJ2-1	KRWIILGLNK	NA	1
CSTGTYGYTF	TRBV20-1	TRBJ1-2	KAFSPEVIPMF	NA	1
CSGRGVAYNSPLHF	TRBV20-1	TRBJ1-6	KRWIILGLNK	NA	1
CSAWTGSATEAFF	TRBV20-1	TRBJ1-1	CINGVCWTV	NA	1
CSASRRGGTNEKLFF	TRBV20-1	TRBJ1-4	LLWNGPMAV	NA	1
CSASNQESYGYTF	TRBV20-1	TRBJ1-2	YVLDHLIVV	NA	1
CSASNPLLGQGAGYGYTF	TRBV20-1	TRBJ1-2	KRWIILGLNK	NA	1
CSASITGTEQYF	TRBV20-1	TRBJ2-7	ARMILMTHF	NA	1
CSASHRAGNEQYF	TRBV20-1	TRBJ2-7	LLWNGPMAV	NA	1
CSASDNELPGSSYNEQFF	TRBV20-1	TRBJ2-1	KRWIILGLNK	NA	1
CSARVTSSDEQYF	TRBV20-1	TRBJ2-7	KRWIILGLNK	NA	1
CSARVGLNNEQFF	TRBV20-1	TRBJ2-1	KRWIILGLNK	NA	1
CSARTLEGILTTGETQYF	TRBV20-1	TRBJ2-5	KRWIILGLNK	NA	1
CSARQGLNNEQFF	TRBV20-1	TRBJ2-1	KRWIILGLNK	NA	1
CSARPQGQTVALHF	TRBV20-1	TRBJ1-6	KAFSPEVIPMF	NA	1
CSARPIDSSNQPQHF	TRBV20-1	TRBJ1-5	ATDALMTGY	NA	1
CSARPGQGTVALHF	TRBV20-1	TRBJ1-6	KAFSPEVIPMF	NA	1
CSARLRDRGYEQYF	TRBV20-1	TRBJ2-7	KAFSPEVIPMF	NA	1
CSARGWVSNNRETQYF	TRBV20-1	TRBJ2-5	KAFSPEVIPMF	NA	1
CSARGWVSNNQETQYF	TRBV20-1	TRBJ2-5	KRWIILGLNK	NA	1
CSARGAGFSGANVLTF	TRBV20-1	TRBJ2-6	YVLDHLIVV	NA	1
CSAREKGSQETQYF	TRBV20-1	TRBJ2-5	KAFSPEVIPMF	NA	1
CSAREGVAGALYEQYF	TRBV20-1	TRBJ2-7	KRWIILGLNK	NA	1
CSAREGQGSIEQYF	TRBV20-1	TRBJ2-7	KRWIILGLNK	NA	1
CSARDRGAENTGELFF	TRBV20-1	TRBJ2-2	RAKFKQLL	NA	1
CSARDRGAANTGELFF	TRBV20-1	TRBJ2-2	RAKFKQLL	NA	1
CSARDREGGNSPLHF	TRBV20-1	TRBJ1-6	RAKFKQLL	NA	1
CSARDPSRGSGVMDEQFF	TRBV20-1	TRBJ2-1	KRWIILGLNK	NA	1
CSARDPGEYQETQYF	TRBV20-1	TRBJ2-5	GTSGSPIVNR	NA	1
CSARDLGLAGDTDTQYF	TRBV20-1	TRBJ2-3	KRWIILGLNK	NA	1
CSARDLAEGTYEQYF	TRBV20-1	TRBJ2-7	KRWIILGLNK	NA	1
CSARDINPGLAYEQFF	TRBV20-1	TRBJ2-1	KRWIILGLNK	NA	1
CSARDAPSRETQYF	TRBV20-1	TRBJ2-5	LLWNGPMAV	NA	1
CSARASYEQYF	TRBV20-1	TRBJ2-7	LLWNGPMAV	NA	1
CSARAPAGMYPGNQPQHF	TRBV20-1	TRBJ1-5	KRWIILGLNK	NA	1
CSAPLAGAPQDTQYF	TRBV20-1	TRBJ2-3	KRWIILGLNK	NA	1
CSAPIPPYNEQFF	TRBV20-1	TRBJ2-1	YVLDHLIVV	NA	1
CSANDRSYNEQFF	TRBV20-1	TRBJ2-1	YVLDHLIVV	NA	1
CSAKDRGAENTGELFF	TRBV20-1	TRBJ2-2	RAKFKQLL	NA	1
CSAIPSYLSIGEQFF	TRBV20-1	TRBJ2-1	YVLDHLIVV	NA	1
CATGTGGGGYTF	TRBV27	TRBJ1-2	GTSGSPIVNR	NA	1
CASTLGSAGPQFNEQFF	TRBV27	TRBJ2-1	TPRVTGGGAM	NA	1
CASSYRTGELFF	TRBV27	TRBJ2-2	KRWIILGLNK	NA	1
CASSVRTGELFF	TRBV27	TRBJ2-2	KRWIILGLNK	NA	1
CASSSTDTGANVLTF	TRBV27	TRBJ2-6	ATDALMTGY	NA	1
CASSSSISGMRPRIYEQYF	TRBV27	TRBJ2-7	ATDALMTGY	NA	1
CASSSRTGELFF	TRBV27	TRBJ2-2	KRWIILGLNK	NA	1
CASSSPSGRPTLYNEQFF	TRBV27	TRBJ2-1	CINGVCWTV	NA	1
CASSSPNTEAFF	TRBV27	TRBJ1-1	RAKFKQLL	NA	1
CASSSLNTEAFF	TRBV27	TRBJ1-1	RAKFKQLL	NA	1
CASSSLDTEAFF	TRBV27	TRBJ1-1	RAKFKQLL	NA	1
CASSSIATGANVLTF	TRBV27	TRBJ2-6	ATDALMTGY	NA	1
CASSSGVSGANVLTF	TRBV27	TRBJ2-6	ATDALMTGY	NA	1
CASSSGTIGANVLTF	TRBV27	TRBJ2-6	ATDALMTGY	NA	1
CASSSGATGANVLTF	TRBV27	TRBJ2-6	ATDALMTGY	NA	1
CASSRSTGELFF	TRBV27	TRBJ2-2	KRWIILGLNK	NA	1
CASSRNNIEAFF	TRBV27	TRBJ1-1	KRWIILGLNK	NA	1
CASSQSTGELFF	TRBV27	TRBJ2-2	KRWIILGLNK	NA	1
CASSQRTGELFF	TRBV27	TRBJ2-2	KRWIILGLNK	NA	1
CASSQGQLNTGELFF	TRBV27	TRBJ2-2	LLLGIGILV	NA	1
CASSPYAGSEQFF	TRBV27	TRBJ2-1	KAFSPEVIPMF	NA	1
CASSPSGANVLTF	TRBV27	TRBJ2-6	RAKFKQLL	NA	1
CASSPRVVGSETQYF	TRBV27	TRBJ2-5	ATDALMTGY	NA	1
CASSPRTGELFF	TRBV27	TRBJ2-2	KRWIILGLNK	NA	1
CASSPLTDTQYF	TRBV27	TRBJ2-3	RAKFKQLL	NA	1
CASSPISISSGLPEYF	TRBV27	TRBJ2-4	ATDALMTGY	NA	1
CASSPGTSDPANYGYTF	TRBV27	TRBJ1-2	CINGVCWTV	NA	1
CASSPGQGGYEQYF	TRBV27	TRBJ2-7	KAFSPEVIPMF	NA	1
CASSPGDTGANVLTF	TRBV27	TRBJ2-6	ATDALMTGY	NA	1
CASSLTLGLAGVETQYF	TRBV27	TRBJ2-5	CINGVCWTV	NA	1
CASSLSYSTLSYEQYF	TRBV27	TRBJ2-7	TPRVTGGGAM	NA	1
CASSLSWGGFYNEQFF	TRBV27	TRBJ2-1	TPRVTGGGAM	NA	1
CASSLSVSTSLDTQYF	TRBV27	TRBJ2-3	YVLDHLIVV	NA	1
CASSLSTSSRNYGYTF	TRBV27	TRBJ1-2	TPRVTGGGAM	NA	1
CASSLSTGAPYEQYF	TRBV27	TRBJ2-7	CINGVCWTV	NA	1
CASSLSPSTGRVEQYF	TRBV27	TRBJ2-7	TPRVTGGGAM	NA	1
CASSLSPSTGNYGYTF	TRBV27	TRBJ1-2	TPRVTGGGAM	NA	1
CASSLSPPTYEQYF	TRBV27	TRBJ2-7	TPRVTGGGAM	NA	1
CASSLSHSTGNYGYTF	TRBV27	TRBJ1-2	TPRVTGGGAM	NA	1
CASSLSGGNQETQYF	TRBV27	TRBJ2-5	CINGVCWTV	NA	1
CASSLSASTARYGYTF	TRBV27	TRBJ1-2	TPRVTGGGAM	NA	1
CASSLRQGGLTEAFF	TRBV27	TRBJ1-1	ATDALMTGY	NA	1
CASSLRPQLGETQYF	TRBV27	TRBJ2-5	ATDALMTGY	NA	1
CASSLLVSGNEQFF	TRBV27	TRBJ2-1	KRWIILGLNK	NA	1
CASSLLTGHEQFF	TRBV27	TRBJ2-1	RAKFKQLL	NA	1
CASSLLGTVGNQPQHF	TRBV27	TRBJ1-5	KAFSPEVIPMF	NA	1
CASSLLGLQGSYNEQFF	TRBV27	TRBJ2-1	TPRVTGGGAM	NA	1
CASSLLGGGYAYEQYF	TRBV27	TRBJ2-7	RAKFKQLL	NA	1
CASSLIPGDYYGYTF	TRBV27	TRBJ1-2	RAKFKQLL	NA	1
CASSLGTQTYEQYF	TRBV27	TRBJ2-7	CINGVCWTV	NA	1
CASSLGSTPYEQYF	TRBV27	TRBJ2-7	TPRVTGGGAM	NA	1
CASSLGSSPREQFF	TRBV27	TRBJ2-1	TPRVTGGGAM	NA	1
CASSLGSSGTRQYF	TRBV27	TRBJ2-3	TPRVTGGGAM	NA	1
CASSLGSSGNEQFF	TRBV27	TRBJ2-1	TPRVTGGGAM	NA	1
CASSLGSANTDTQYF	TRBV27	TRBJ2-3	TPRVTGGGAM	NA	1
CASSLGPNNYYGYTF	TRBV27	TRBJ1-2	TPRVTGGGAM	NA	1
CASSLGPGNYEQYF	TRBV27	TRBJ2-7	TPRVTGGGAM	NA	1
CASSLGPASYEQYF	TRBV27	TRBJ2-7	TPRVTGGGAM	NA	1
CASSLGGSPNYGYTF	TRBV27	TRBJ1-2	TPRVTGGGAM	NA	1
CASSLGAGNYGYTF	TRBV27	TRBJ1-2	TPRVTGGGAM	NA	1
CASSLGAAVREQYF	TRBV27	TRBJ2-7	LPRRSGAAGA	NA	1
CASSLGAAGRELFF	TRBV27	TRBJ1-4	TPRVTGGGAM	NA	1
CASSLDGRQVNQPQHF	TRBV27	TRBJ1-5	RAKFKQLL	NA	1
CASSHRTGELFF	TRBV27	TRBJ2-2	KRWIILGLNK	NA	1
CASSGNTGELFF	TRBV27	TRBJ2-2	KRWIILGLNK	NA	1
CASSGNSFSAFF	TRBV27	TRBJ1-1	KRWIILGLNK	NA	1
CASSGLNSPLHF	TRBV27	TRBJ1-6	RAKFKQLL	NA	1
CASSGGLPEGYTF	TRBV27	TRBJ1-2	KRWIILGLNK	NA	1
CASSFTTMGNQPQHF	TRBV27	TRBJ1-5	ATDALMTGY	NA	1
CASSFLAGFTDTQYF	TRBV27	TRBJ2-3	ATDALMTGY	NA	1
CASSFGGAGDTEAFF	TRBV27	TRBJ1-1	KRWIILGLNK	NA	1
CASSDLNSPLHF	TRBV27	TRBJ1-6	RAKFKQLL	NA	1
CASSAQTGFLFF	TRBV27	TRBJ1-4	KRWIILGLNK	NA	1
CASRVGTGNLYEQYF	TRBV27	TRBJ2-7	TPRVTGGGAM	NA	1
CASRVGGAGNSPLHF	TRBV27	TRBJ1-6	TPRVTGGGAM	NA	1
CASRVGAGNTEAFF	TRBV27	TRBJ1-1	TPRVTGGGAM	NA	1
CASRTLLGGASEQYF	TRBV27	TRBJ2-7	YVLDHLIVV	NA	1
CASRTGAANIYEQYF	TRBV27	TRBJ2-7	TPRVTGGGAM	NA	1
CASRQGAGGNQPQHF	TRBV27	TRBJ1-5	TPRVTGGGAM	NA	1
CASRPNLGGTTEAFF	TRBV27	TRBJ1-1	TPRVTGGGAM	NA	1
CASRPLMGGASEAFF	TRBV27	TRBJ1-1	YVLDHLIVV	NA	1
CASRLGPGQPYEQYF	TRBV27	TRBJ2-7	TPRVTGGGAM	NA	1
CASRLGLAGGINEQFF	TRBV27	TRBJ2-1	TPRVTGGGAM	NA	1
CASRLGAAGSQPQHF	TRBV27	TRBJ1-5	TPRVTGGGAM	NA	1
CASQRDYTGELFF	TRBV27	TRBJ2-2	YVLDHLIVV	NA	1
CASQGGEIGNNEQFF	TRBV27	TRBJ2-1	ATDALMTGY	NA	1
CASNTGGANTDTQYF	TRBV27	TRBJ2-3	TPRVTGGGAM	NA	1
CASMGGANTEAFF	TRBV27	TRBJ1-1	KRWIILGLNK	NA	1
CASLSGRAPQHF	TRBV27	TRBJ1-5	GTSGSPIVNR	NA	1
CASKNRDVGYNEQFF	TRBV27	TRBJ2-1	ATDALMTGY	NA	1
CASKLGPAAYEQYF	TRBV27	TRBJ2-7	TPRVTGGGAM	NA	1
CASGGRGGGETQYF	TRBV27	TRBJ2-5	ATDALMTGY	NA	1
CATSETGELFF	TRBV24-1	TRBJ2-2	KRWIILGLNK	NA	1
CATSEPAGLAGGNNEQFF	TRBV24-1	TRBJ2-1	CINGVCWTV	NA	1
CATSDWAGEMETQYF	TRBV24-1	TRBJ2-5	YVLDHLIVV	NA	1
CATSDVNGAYEQYF	TRBV24-1	TRBJ2-7	KRWIILGLNK	NA	1
CATSDPNRDTDTQYF	TRBV24-1	TRBJ2-3	KAFSPEVIPMF	NA	1
CATSDLSQGVDTQYF	TRBV24-1	TRBJ2-3	LLLGIGILV	NA	1
CATSDHSTSGRRNEQFF	TRBV24-1	TRBJ2-1	GTSGSPIINR	NA	1
CATSDDRDTGELFF	TRBV24-1	TRBJ2-2	TPRVTGGGAM	NA	1
CATSDAPGTGIPYEQYF	TRBV24-1	TRBJ2-7	CINGVCWTV	NA	1
CASTSQSELFF	TRBV6-1	TRBJ1-4	CINGVCWTV	NA	1
CASTGQGYGYTF	TRBV6-1	TRBJ1-2	KAFSPEVIPMF	NA	1
CASSYSTVNEQFF	TRBV6-1	TRBJ2-1	TPRVTGGGAM	NA	1
CASSYSSGELFF	TRBV6-1	TRBJ2-2	TPRVTGGGAM	NA	1
CASSYPWGGEGSPLHF	TRBV6-1	TRBJ1-6	RAKFKQLL	NA	1
CASSYPRGGEGSPLHF	TRBV6-1	TRBJ1-6	RAKFKQLL	NA	1
CASSSQENTEAFF	TRBV6-1	TRBJ1-1	KRWIILGLNK	NA	1
CASSPGGRQGDYNEQFF	TRBV6-1	TRBJ2-1	RAKFKQLL	NA	1
CASSGTSYGYTF	TRBV6-1	TRBJ1-2	KAFSPEVIPMF	NA	1
CASSGGSYGYTF	TRBV6-1	TRBJ1-2	KAFSPEVIPMF	NA	1
CASSEVVTAFSYEQYF	TRBV6-1	TRBJ2-7	CINGVCWTV	NA	1
CASSDQSQETQYF	TRBV6-1	TRBJ2-5	TPRVTGGGAM	NA	1
CASSDPLAGGNEQYF	TRBV6-1	TRBJ2-7	CINGVCWTV	NA	1
CASSDGQARNTGELFF	TRBV6-1	TRBJ2-2	TPRVTGGGAM	NA	1
CASSDGIQYF	TRBV6-1	TRBJ2-4	GTSGSPIINR	NA	1
CASRASTGSGNTIYF	TRBV6-1	TRBJ1-3	TPQDLNTML	NA	1
CASNYPRGGEGSPLHF	TRBV6-1	TRBJ1-6	RAKFKQLL	NA	1
CASSPGTGTYGYTF	TRBV10-2	TRBJ1-2	VTEHDTLLY	NA	1
CASSGGSGNIQYF	TRBV10-2	TRBJ2-4	GTSGSPIINR	NA	1
CASSGGQGNIQYF	TRBV10-2	TRBJ2-4	GTSGSPIINR	NA	1
CASSPWASGTQETQYF	TRBV18	TRBJ2-5	RAKFKQLL	NA	1
CASSPRDSQPYGYTF	TRBV18	TRBJ1-2	TPRVTGGGAM	NA	1
CASSPPLGLHTGELFF	TRBV18	TRBJ2-2	YVLDHLIVV	NA	1
CASSPPGPTGRGWYDTF	TRBV18	TRBJ1-2	RAKFKQLL	NA	1
CASSPGKLDSEETQYF	TRBV18	TRBJ2-5	TPRVTGGGAM	NA	1
CASSPFQRSSGNTIYF	TRBV18	TRBJ1-3	YVLDHLIVV	NA	1
CASSDRSQYGYTF	TRBV18	TRBJ1-2	KAFSPEVIPMF	NA	1
CASNRENEKLFF	TRBV18	TRBJ1-4	CINGVCWTV	NA	1
CASKMRGDVYEQYF	TRBV18	TRBJ2-7	RAKFKQLL	NA	1
CASGTGESGYTF	TRBV18	TRBJ1-2	RAKFKQLL	NA	1
CASTTGSSEKLFF	TRBV2	TRBJ1-4	CINGVCWTV	NA	1
CASSTGGSGNFSYEQYF	TRBV2	TRBJ2-7	ATDALMTGY	NA	1
CASSSPGGRGNTEAFF	TRBV2	TRBJ1-1	YVLDHLIVV	NA	1
CASSGTRQISGTEAFF	TRBV2	TRBJ1-1	ATDALMTGY	NA	1
CASSGGTASTDTQYF	TRBV2	TRBJ2-3	ATDALMTGY	NA	1
CASSGDRDAGSSYEQYF	TRBV2	TRBJ2-7	ATDALMTGY	NA	1
CASSEYPGPGANVLTF	TRBV2	TRBJ2-6	ATDALMTGY	NA	1
CASSERRYTGELFF	TRBV2	TRBJ2-2	ATDALMTGY	NA	1
CASSEQSGANVLTF	TRBV2	TRBJ2-6	RAKFKQLL	NA	1
CASSEGSHSNQPQHF	TRBV2	TRBJ1-5	ARMILMTHF	NA	1
CASSEGNGGINIQYF	TRBV2	TRBJ2-4	ATDALMTGY	NA	1
CASSEAVISYNEQFF	TRBV2	TRBJ2-1	ATDALMTGY	NA	1
CASSEATGASYEQYF	TRBV2	TRBJ2-7	LLWNGPMAV	NA	1
CASSDPDLLISTDTQYF	TRBV2	TRBJ2-3	ATDALMTGY	NA	1
CASSDGTANNQPQHF	TRBV2	TRBJ1-5	ATDALMTGY	NA	1
CASRTGTSNTGELFF	TRBV2	TRBJ2-2	ATDALMTGY	NA	1
CASRTGTINTGELFF	TRBV2	TRBJ2-2	ATDALMTGY	NA	1
CASRTGISNTGELFF	TRBV2	TRBJ2-2	ATDALMTGY	NA	1
CASRSGTSNTGELFF	TRBV2	TRBJ2-2	ATDALMTGY	NA	1
CASRSGDTNTGELFF	TRBV2	TRBJ2-2	ATDALMTGY	NA	1
CASRLGASSYNEQFF	TRBV2	TRBJ2-1	ARMILMTHF	NA	1
CASRGGSGELFF	TRBV2	TRBJ2-2	KAFSPEVIPMF	NA	1
CASRETYEQYF	TRBV2	TRBJ2-7	ATDALMTGY	NA	1
CASRDTYEQYF	TRBV2	TRBJ2-7	ATDALMTGY	NA	1
CASRDILTSYNEQFF	TRBV2	TRBJ2-1	ATDALMTGY	NA	1
CASRAGTSNTGELFF	TRBV2	TRBJ2-2	ATDALMTGY	NA	1
CARSRGGINTGELFF	TRBV2	TRBJ2-2	ATDALMTGY	NA	1
CASTGGSGYTF	TRBV13	TRBJ1-2	YVLDHLIVV	NA	1
CASSPLGDRETQYF	TRBV13	TRBJ2-5	KRWIILGLNK	NA	1
CASSLGQGTYEQYF	TRBV13	TRBJ2-7	GTSGSPIVNR	NA	1
CASRHQLAQSSYNEQFF	TRBV13	TRBJ2-1	ATDALMTGY	NA	1
CASSRSWLAGGLSTDTQYF	TRBV14	TRBJ2-3	KRWIILGLNK	NA	1
CASSPRDSKETQYF	TRBV14	TRBJ2-5	KAFSPEVIPMF	NA	1
CASSLAGTSTEQFF	TRBV14	TRBJ2-1	CINGVCWTV	NA	1
CASSIGPALNTEAFF	TRBV14	TRBJ1-1	TPRVTGGGAM	NA	1
CASRKTGYTGELFF	TRBV14	TRBJ2-2	LLWNGPMAV	NA	1
CASGLGSYEQYF	TRBV12-5	TRBJ2-7	GTSGSPIVNR	NA	1
CASGLGSSPMFNEQFF	TRBV12-5	TRBJ2-1	TPRVTGGGAM	NA	1
CASGLGPSGTEAFF	TRBV12-5	TRBJ1-1	KRWIILGLNK	NA	1
CASGFGGTEAFF	TRBV12-5	TRBJ1-1	KRWIILGLNK	NA	1
CASTTGGGGYEQYF	TRBV11-2	TRBJ2-7	GTSGSPIVNR	NA	1
CASTPLWGDQETQYF	TRBV11-2	TRBJ2-5	GTSGSPIVNR	NA	1
CASTIPPGTSVSGELFF	TRBV11-2	TRBJ2-2	KRWIILGLNK	NA	1
CASSYVGQLDEQFF	TRBV11-2	TRBJ2-1	ATDALMTGY	NA	1
CASSYRGQLNEQFF	TRBV11-2	TRBJ2-1	ATDALMTGY	NA	1
CASSYGTEQPQHF	TRBV11-2	TRBJ1-5	GTSGSPIVNR	NA	1
CASSSSSGASYNEQFF	TRBV11-2	TRBJ2-1	RAKFKQLL	NA	1
CASSSSGQLDEQFF	TRBV11-2	TRBJ2-1	ATDALMTGY	NA	1
CASSSRGQLDTQYF	TRBV11-2	TRBJ2-3	ATDALMTGY	NA	1
CASSSPGDYTYEQYF	TRBV11-2	TRBJ2-7	YVLDHLIVV	NA	1
CASSSILGQGEHPVTDTQYF	TRBV11-2	TRBJ2-3	ATDALMTGY	NA	1
CASSSHVINQFF	TRBV11-2	TRBJ2-1	RAKFKQLL	NA	1
CASSSHVGGGGASIDTQYF	TRBV11-2	TRBJ2-3	ATDALMTGY	NA	1
CASSRGLNYEQYF	TRBV11-2	TRBJ2-7	GTSGSPIINR	NA	1
CASSRGAGEQETQYF	TRBV11-2	TRBJ2-5	GTSGSPIINR	NA	1
CASSRAGGTASYEQYF	TRBV11-2	TRBJ2-7	GTSGSPIINR	NA	1
CASSQGGGNYEQYF	TRBV11-2	TRBJ2-7	GTSGSPIVNR	NA	1
CASSPLEAEAKNIQYF	TRBV11-2	TRBJ2-4	ATDALMTGY	NA	1
CASSPITRIVGDTQYF	TRBV11-2	TRBJ2-3	RAKFKQLL	NA	1
CASSPAGGTYEQYF	TRBV11-2	TRBJ2-7	GTSGSPIVNR	NA	1
CASSMGQGDYEQYF	TRBV11-2	TRBJ2-7	GTSGSPIVNR	NA	1
CASSLYTGSYNEQFF	TRBV11-2	TRBJ2-1	GTSGSPIINR	NA	1
CASSLVIPTGWRDNEQFF	TRBV11-2	TRBJ2-1	GTSGSPIVNR	NA	1
CASSLVIIGSASTDTQYF	TRBV11-2	TRBJ2-3	GTSGSPIVNR	NA	1
CASSLVGQLYEQYF	TRBV11-2	TRBJ2-7	ATDALMTGY	NA	1
CASSLVGGTPSYNEQFF	TRBV11-2	TRBJ2-1	GTSGSPIVNR	NA	1
CASSLSGQLDTQYF	TRBV11-2	TRBJ2-3	ATDALMTGY	NA	1
CASSLSGQLDEQYF	TRBV11-2	TRBJ2-7	ATDALMTGY	NA	1
CASSLSGQLDEQFF	TRBV11-2	TRBJ2-1	ATDALMTGY	NA	1
CASSLSAGQGMTDTQYF	TRBV11-2	TRBJ2-3	KRWIILGLNK	NA	1
CASSLSAGQETQYF	TRBV11-2	TRBJ2-5	RAKFKQLL	NA	1
CASSLQPSGTSFYNEQFF	TRBV11-2	TRBJ2-1	GTSGSPIVNR	NA	1
CASSLLAGQETQYF	TRBV11-2	TRBJ2-5	RAKFKQLL	NA	1
CASSLLAGGWDEQFF	TRBV11-2	TRBJ2-1	ATDALMTGY	NA	1
CASSLGYQGYEQFF	TRBV11-2	TRBJ2-1	GTSGSPIVNR	NA	1
CASSLGTGHNEQFF	TRBV11-2	TRBJ2-1	RAKFKQLL	NA	1
CASSLGSAEAFF	TRBV11-2	TRBJ1-1	GTSGSPIVNR	NA	1
CASSLGQGYEQYF	TRBV11-2	TRBJ2-7	GTSGSPIINR	NA	1
CASSLGQGSYEQYF	TRBV11-2	TRBJ2-7	GTSGSPIVNR	NA	1
CASSLGQGLLYGYTF	TRBV11-2	TRBJ1-2	GTSGSPIVNR	NA	1
CASSLGQGDFEQYF	TRBV11-2	TRBJ2-7	GTSGSPIVNR	NA	1
CASSLGQGAYEQYF	TRBV11-2	TRBJ2-7	GTSGSPIVNR	NA	1
CASSLGPPPDNEQFF	TRBV11-2	TRBJ2-1	CINGVCWTV	NA	1
CASSLGPEAPLFF	TRBV11-2	TRBJ1-4	GTSGSPIVNR	NA	1
CASSLGPDNEQFF	TRBV11-2	TRBJ2-1	GTSGSPIVNR	NA	1
CASSLGGTDNEQFF	TRBV11-2	TRBJ2-1	GTSGSPIVNR	NA	1
CASSLGGQTYEQYF	TRBV11-2	TRBJ2-7	GTSGSPIVNR	NA	1
CASSLGGDTYEQYF	TRBV11-2	TRBJ2-7	GTSGSPIVNR	NA	1
CASSLGAGDRSYEQYF	TRBV11-2	TRBJ2-7	GTSGSPIINR	NA	1
CASSLFLMGLAGGNEQFF	TRBV11-2	TRBJ2-1	GTSGSPIINR	NA	1
CASSLFAGGPDTQYF	TRBV11-2	TRBJ2-3	GTSGSPIVNR	NA	1
CASSLDLGDRGGYGYTF	TRBV11-2	TRBJ1-2	ATDALMTGY	NA	1
CASSLAPLAGGAFSYNEQFF	TRBV11-2	TRBJ2-1	ATDALMTGY	NA	1
CASSLAGGGAYEQYF	TRBV11-2	TRBJ2-7	GTSGSPIVNR	NA	1
CASSISYEQYF	TRBV11-2	TRBJ2-7	KAFSPEVIPMF	NA	1
CASSHLLGVLAGGTDTQYF	TRBV11-2	TRBJ2-3	ATDALMTGY	NA	1
CASSFDSGAYEQYF	TRBV11-2	TRBJ2-7	ARMILMTHF	NA	1
CASSELAGVGETQYF	TRBV11-2	TRBJ2-5	RAKFKQLL	NA	1
CASSEAGQLNEQFF	TRBV11-2	TRBJ2-1	ATDALMTGY	NA	1
CASRWTGQLDEQFF	TRBV11-2	TRBJ2-1	ATDALMTGY	NA	1
CASSQSIGGELFF	TRBV16	TRBJ2-2	RAKFKQLL	NA	1
CATEASGNTIYF	TRBV7-9	TRBJ1-3	KAFSPEVIPMF	NA	1
CASTDTGYYGYTF	TRBV7-9	TRBJ1-2	KAFSPEVIPMF	NA	1
CASSYLGDSTNSPLHF	TRBV7-9	TRBJ1-6	RAKFKQLL	NA	1
CASSYDNYEQYF	TRBV7-9	TRBJ2-7	KRWIILGLNK	NA	1
CASSYDLNEQYF	TRBV7-9	TRBJ2-7	KRWIILGLNK	NA	1
CASSWSGGQRGYTF	TRBV7-9	TRBJ1-2	KAFSPEVIPMF	NA	1
CASSWSGGGARDTQYF	TRBV7-9	TRBJ2-3	VTEHDTLLY	NA	1
CASSWLAGTREEQYF	TRBV7-8	TRBJ2-7	RAKFKQLL	NA	1
CASSWDRNEQFF	TRBV7-9	TRBJ2-1	KRWIILGLNK	NA	1
CASSTTRAGDQPQHF	TRBV7-9	TRBJ1-5	RAKFKQLL	NA	1
CASSTQDLQGARSPLHF	TRBV7-9	TRBJ1-6	TPRVTGGGAM	NA	1
CASSTHDRDGGGSAQHF	TRBV7-9	TRBJ1-5	TPRVTGGGAM	NA	1
CASSSTRTGDGQPQHF	TRBV7-9	TRBJ1-5	RAKFKQLL	NA	1
CASSSTITGMGDSGNTIYF	TRBV7-9	TRBJ1-3	TPQDLNTML	NA	1
CASSSTGPGNSPLHF	TRBV7-9	TRBJ1-6	RAKFKQLL	NA	1
CASSSTEQATYGYTF	TRBV7-9	TRBJ1-2	RAKFKQLL	NA	1
CASSSSWGYGYTF	TRBV7-9	TRBJ1-2	TPRVTGGGAM	NA	1
CASSSSSQEQFF	TRBV7-8	TRBJ2-1	KRWIILGLNK	NA	1
CASSSRDRGPHGQYF	TRBV7-9	TRBJ2-7	TPRVTGGGAM	NA	1
CASSSRDRGAYEQYF	TRBV7-9	TRBJ2-7	TPRVTGGGAM	NA	1
CASSSRDLGEYEQYF	TRBV7-9	TRBJ2-7	TPRVTGGGAM	NA	1
CASSSQTSGLFANTGELFF	TRBV7-9	TRBJ2-2	TPQDLNTML	NA	1
CASSSLGQLETQYF	TRBV7-8	TRBJ2-5	ATDALMTGY	NA	1
CASSSIGQGLGDEQFF	TRBV7-9	TRBJ2-1	TPRVTGGGAM	NA	1
CASSSHESQGARSPLHF	TRBV7-9	TRBJ1-6	TPRVTGGGAM	NA	1
CASSSHERQGQNSPLHF	TRBV7-9	TRBJ1-6	TPRVTGGGAM	NA	1
CASSSHEDRGSSSPLHF	TRBV7-9	TRBJ1-6	TPRVTGGGAM	NA	1
CASSSHDYRGRRSPLHF	TRBV7-9	TRBJ1-6	TPRVTGGGAM	NA	1
CASSSHDRQGQNSPLHF	TRBV7-9	TRBJ1-6	TPRVTGGGAM	NA	1
CASSSHDRDGGYSPLHF	TRBV7-9	TRBJ1-6	TPRVTGGGAM	NA	1
CASSSHDRAGINSPLHF	TRBV7-9	TRBJ1-6	TPRVTGGGAM	NA	1
CASSSHDLAGVKSEQFF	TRBV7-9	TRBJ2-1	TPRVTGGGAM	NA	1
CASSSHDKQGARSPLHF	TRBV7-9	TRBJ1-6	TPRVTGGGAM	NA	1
CASSSERPSNEQYF	TRBV7-9	TRBJ2-7	KAFSPEVIPMF	NA	1
CASSSDREEQYF	TRBV7-9	TRBJ2-7	KRWIILGLNK	NA	1
CASSRTDDTEAFF	TRBV7-9	TRBJ1-1	RAKFKQLL	NA	1
CASSRRGESSYNEQFF	TRBV7-9	TRBJ2-1	TPRVTGGGAM	NA	1
CASSRQSGEREQFF	TRBV7-9	TRBJ2-1	KRWIILGLNK	NA	1
CASSRLDRDSYEQYF	TRBV7-9	TRBJ2-7	RAKFKQLL	NA	1
CASSRDTVYNQPQHF	TRBV7-9	TRBJ1-5	KRWIILGLNK	NA	1
CASSQTGQLDEQYF	TRBV7-8	TRBJ2-7	ATDALMTGY	NA	1
CASSQSGQLDTQYF	TRBV7-8	TRBJ2-3	ATDALMTGY	NA	1
CASSQRQDSSYNEQFF	TRBV7-9	TRBJ2-1	KAFSPEVIPMF	NA	1
CASSQLGQSETQYF	TRBV7-9	TRBJ2-5	RAKFKQLL	NA	1
CASSQHDRGFSTEAFF	TRBV7-9	TRBJ1-1	TPRVTGGGAM	NA	1
CASSPYSGSYEQYF	TRBV7-9	TRBJ2-7	KRWIILGLNK	NA	1
CASSPTGGGYEQYF	TRBV7-8	TRBJ2-7	GTSGSPIVNR	NA	1
CASSPTGAGNQPQHF	TRBV7-9	TRBJ1-5	RAKFKQLL	NA	1
CASSPSTANTQPQHF	TRBV7-9	TRBJ1-5	ATDALMTGY	NA	1
CASSPSKPGDNEQFF	TRBV7-9	TRBJ2-1	RAKFKQLL	NA	1
CASSPSGQLETQYF	TRBV7-8	TRBJ2-5	ATDALMTGY	NA	1
CASSPRSLSYEQYF	TRBV7-9	TRBJ2-7	KRWIILGLNK	NA	1
CASSPGTSIDEQFF	TRBV7-9	TRBJ2-1	KRWIILGLNK	NA	1
CASSPGQTNYGYTF	TRBV7-9	TRBJ1-2	KAFSPEVIPMF	NA	1
CASSPGQGFKTQYF	TRBV7-9	TRBJ2-5	KAFSPEVIPMF	NA	1
CASSPGAGENIQYF	TRBV7-9	TRBJ2-4	KRWIILGLNK	NA	1
CASSPDRARDGYTF	TRBV7-9	TRBJ1-2	KAFSPEVIPMF	NA	1
CASSPDPGQLYEQYF	TRBV7-8	TRBJ2-7	ATDALMTGY	NA	1
CASSNRTGVPTGELFF	TRBV7-9	TRBJ2-2	TPRVTGGGAM	NA	1
CASSNRDRGDYEQYF	TRBV7-9	TRBJ2-7	TPRVTGGGAM	NA	1
CASSLYGGSNTGELFF	TRBV7-9	TRBJ2-2	ARMILMTHF	NA	1
CASSLVSSGANVLTF	TRBV7-9	TRBJ2-6	RAKFKQLL	NA	1
CASSLVGVSKDNEQFF	TRBV7-9	TRBJ2-1	TPRVTGGGAM	NA	1
CASSLVGVGLLLNEQYF	TRBV7-9	TRBJ2-7	TPRVTGGGAM	NA	1
CASSLVGEGLRDEQFF	TRBV7-9	TRBJ2-1	TPRVTGGGAM	NA	1
CASSLTVAGDTEAFF	TRBV7-9	TRBJ1-1	RAKFKQLL	NA	1
CASSLTTGYGYTF	TRBV7-8	TRBJ1-2	ATDALMTGY	NA	1
CASSLTGPGDQPQHF	TRBV7-9	TRBJ1-5	RAKFKQLL	NA	1
CASSLTGAGDQPQHF	TRBV7-9	TRBJ1-5	RAKFKQLL	NA	1
CASSLTAPGIQPQHF	TRBV7-9	TRBJ1-5	RAKFKQLL	NA	1
CASSLTAGTQETQYF	TRBV7-8	TRBJ2-5	GTSGSPIVNR	NA	1
CASSLSSPGNQPQHF	TRBV7-9	TRBJ1-5	RAKFKQLL	NA	1
CASSLSSHYGYTF	TRBV7-8	TRBJ1-2	ATDALMTGY	NA	1
CASSLRTPGQALRNEKLFF	TRBV7-9	TRBJ1-4	TPQDLNTML	NA	1
CASSLRQGINTGELFF	TRBV7-9	TRBJ2-2	TPRVTGGGAM	NA	1
CASSLRQGIDTGELFF	TRBV7-9	TRBJ2-2	TPRVTGGGAM	NA	1
CASSLRQGANTGELFF	TRBV7-9	TRBJ2-2	TPRVTGGGAM	NA	1
CASSLRGVSSYNEQFF	TRBV7-9	TRBJ2-1	TPRVTGGGAM	NA	1
CASSLRGESSYNEQFF	TRBV7-9	TRBJ2-1	TPRVTGGGAM	NA	1
CASSLRGESLVNEQFF	TRBV7-9	TRBJ2-1	TPRVTGGGAM	NA	1
CASSLRGENRDDYEQYF	TRBV7-9	TRBJ2-7	TPRVTGGGAM	NA	1
CASSLQTGLNTEAFF	TRBV7-9	TRBJ1-1	TPRVTGGGAM	NA	1
CASSLPRGRDNEQFF	TRBV7-9	TRBJ2-1	RAKFKQLL	NA	1
CASSLPGTSGISQDTQYF	TRBV7-9	TRBJ2-3	RAKFKQLL	NA	1
CASSLMQGQGRNGYTF	TRBV7-8	TRBJ1-2	ATDALMTGY	NA	1
CASSLLQGARTEAFF	TRBV7-9	TRBJ1-1	TPRVTGGGAM	NA	1
CASSLLGTENTEAFF	TRBV7-9	TRBJ1-1	RAKFKQLL	NA	1
CASSLLGQLYEQYF	TRBV7-8	TRBJ2-7	ATDALMTGY	NA	1
CASSLLGQDNSPLHF	TRBV7-9	TRBJ1-6	RAKFKQLL	NA	1
CASSLKGVGQSDEQYF	TRBV7-9	TRBJ2-7	TPRVTGGGAM	NA	1
CASSLISGRARNEQFF	TRBV7-9	TRBJ2-1	TPRVTGGGAM	NA	1
CASSLIGVSSYNEQFF	TRBV7-9	TRBJ2-1	TPRVTGGGAM	NA	1
CASSLIGVGLTDTQYF	TRBV7-9	TRBJ2-3	TPRVTGGGAM	NA	1
CASSLIGQGLGDEQFF	TRBV7-9	TRBJ2-1	TPRVTGGGAM	NA	1
CASSLIGQGGPDTQYF	TRBV7-9	TRBJ2-3	TPRVTGGGAM	NA	1
CASSLIGEGTGWHQYF	TRBV7-9	TRBJ2-7	TPRVTGGGAM	NA	1
CASSLIGAGGPDEQFF	TRBV7-9	TRBJ2-1	TPRVTGGGAM	NA	1
CASSLHTQGARFF	TRBV7-9	TRBJ1-1	TPRVTGGGAM	NA	1
CASSLHGQGVRSPLHF	TRBV7-9	TRBJ1-6	TPRVTGGGAM	NA	1
CASSLHDYTGFGTEAFF	TRBV7-9	TRBJ1-1	TPRVTGGGAM	NA	1
CASSLGVSQETQYF	TRBV7-9	TRBJ2-5	YVLDHLIVV	NA	1
CASSLGTGPSYEQYF	TRBV7-8	TRBJ2-7	ATDALMTGY	NA	1
CASSLGLGVNNEQFF	TRBV7-9	TRBJ2-1	RAKFKQLL	NA	1
CASSLGLAGGEETQYF	TRBV7-8	TRBJ2-5	ATDALMTGY	NA	1
CASSLGGGYTF	TRBV7-9	TRBJ1-2	KAFSPEVIPMF	NA	1
CASSLGGGNQETQYF	TRBV7-8	TRBJ2-5	GTSGSPIINR	NA	1
CASSLGGGLQETQYF	TRBV7-9	TRBJ2-5	GTSGSPIINR	NA	1
CASSLGEQPQHF	TRBV7-9	TRBJ1-5	KRWIILGLNK	NA	1
CASSLGDRAFRNIQYF	TRBV7-9	TRBJ2-4	KAFSPEVIPMF	NA	1
CASSLEPGTSSYNEQFF	TRBV7-8	TRBJ2-1	KRWIILGLNK	NA	1
CASSLDVNEQFF	TRBV7-9	TRBJ2-1	KRWIILGLNK	NA	1
CASSLDSYEQYF	TRBV7-9	TRBJ2-7	KRWIILGLNK	NA	1
CASSLDRNEQFF	TRBV7-9	TRBJ2-1	KRWIILGLNK	NA	1
CASSLDRGEQFF	TRBV7-9	TRBJ2-1	KRWIILGLNK	NA	1
CASSLARGFSDHTQYF	TRBV7-9	TRBJ2-3	TPRVTGGGAM	NA	1
CASSLAPSYEQYF	TRBV7-9	TRBJ2-7	RAKFKQLL	NA	1
CASSLALGVAKNIQYF	TRBV7-9	TRBJ2-4	TPRVTGGGAM	NA	1
CASSLAGQGSPYEQYF	TRBV7-8	TRBJ2-7	LPRRSGAAGA	NA	1
CASSKQGRGTDTQYF	TRBV7-9	TRBJ2-3	RAKFKQLL	NA	1
CASSIHSETGVGSPLHF	TRBV7-9	TRBJ1-6	TPRVTGGGAM	NA	1
CASSHGDYEQYF	TRBV7-9	TRBJ2-7	KRWIILGLNK	NA	1
CASSHDYRGRRSPLHF	TRBV7-9	TRBJ1-6	TPRVTGGGAM	NA	1
CASSGTDYGYTF	TRBV7-9	TRBJ1-2	KAFSPEVIPMF	NA	1
CASSGSGLVNTGELFF	TRBV7-8	TRBJ2-2	RAKFKQLL	NA	1
CASSGSAGGVWDNEQFF	TRBV7-9	TRBJ2-1	RAKFKQLL	NA	1
CASSGFRDRVNEQYF	TRBV7-9	TRBJ2-7	KAFSPEVIPMF	NA	1
CASSFSGQLDTIYF	TRBV7-8	TRBJ1-3	ATDALMTGY	NA	1
CASSFRGEGHPDTQYF	TRBV7-9	TRBJ2-3	TPRVTGGGAM	NA	1
CASSFRDRGHYEQYF	TRBV7-9	TRBJ2-7	TPRVTGGGAM	NA	1
CASSFMQGDSPLHF	TRBV7-9	TRBJ1-6	RAKFKQLL	NA	1
CASSFDSYEQYF	TRBV7-9	TRBJ2-7	KRWIILGLNK	NA	1
CASSEVGQLETQYF	TRBV7-8	TRBJ2-5	ATDALMTGY	NA	1
CASSEVGLLNEQFF	TRBV7-8	TRBJ2-1	ATDALMTGY	NA	1
CASSEDRNEQFF	TRBV7-9	TRBJ2-1	KRWIILGLNK	NA	1
CASSDHSVTGISSPLHF	TRBV7-9	TRBJ1-6	TPRVTGGGAM	NA	1
CASSARQGIDTGELFF	TRBV7-9	TRBJ2-2	TPRVTGGGAM	NA	1
CASSAPDSQETQYF	TRBV7-9	TRBJ2-5	KAFSPEVIPMF	NA	1
CASSAGTGIYDEAFF	TRBV7-9	TRBJ1-1	TPRVTGGGAM	NA	1
CASSAFSGFQETQYF	TRBV7-9	TRBJ2-5	GTSGSPIINR	NA	1
CASRPSGQLDEQFF	TRBV7-8	TRBJ2-1	ATDALMTGY	NA	1
CASRLAGGGGEQFF	TRBV7-9	TRBJ2-1	VTEHDTLLY	NA	1
CASPHPDRPNYGYTF	TRBV7-9	TRBJ1-2	KAFSPEVIPMF	NA	1
CASNPAGQLETQYF	TRBV7-8	TRBJ2-5	ATDALMTGY	NA	1
CASNILGQAIDTQYF	TRBV7-9	TRBJ2-3	RAKFKQLL	NA	1
CASLRGLGTDTQYF	TRBV7-9	TRBJ2-3	RAKFKQLL	NA	1
CASKQEWGNTEAFF	TRBV7-9	TRBJ1-1	TPRVTGGGAM	NA	1
CASISSNQPQHF	TRBV7-9	TRBJ1-5	CINGVCWTV	NA	1
CASGGEFYGYTF	TRBV7-9	TRBJ1-2	KAFSPEVIPMF	NA	1
CASGGANYGYTF	TRBV7-9	TRBJ1-2	KAFSPEVIPMF	NA	1
CASELSGNTIYF	TRBV7-9	TRBJ1-3	KAFSPEVIPMF	NA	1
CASEDSSDGANYGYTF	TRBV7-9	TRBJ1-2	KAFSPEVIPMF	NA	1
CASEDFKNIQYF	TRBV7-8	TRBJ2-4	KAFSPEVIPMF	NA	1
CASEAGNTIYF	TRBV7-9	TRBJ1-3	KAFSPEVIPMF	NA	1
CAQGGSNYGYTF	TRBV7-9	TRBJ1-2	KAFSPEVIPMF	NA	1
CAGSLSNGYTF	TRBV7-9	TRBJ1-2	KAFSPEVIPMF	NA	1
CAGNNRDSSTDTQYF	TRBV7-9	TRBJ2-3	ATDALMTGY	NA	1
CAEGGRDYGYTF	TRBV7-9	TRBJ1-2	KAFSPEVIPMF	NA	1
CAAGGQFYGYTF	TRBV7-9	TRBJ1-2	KAFSPEVIPMF	NA	1
CASSRGTGEGYEQYF	TRBV7-3	TRBJ2-7	RAKFKQLL	NA	1
CASSPTGQLETQYF	TRBV7-3	TRBJ2-5	ATDALMTGY	NA	1
CASSPSGQLDEQFF	TRBV7-3	TRBJ2-1	ATDALMTGY	NA	1
CASSPFGTGPYEQYF	TRBV7-3	TRBJ2-7	ATDALMTGY	NA	1
CASSLVGGAGEQFF	TRBV7-3	TRBJ2-1	ATDALMTGY	NA	1
CASSLTLLGNNEQYF	TRBV7-3	TRBJ2-7	RAKFKQLL	NA	1
CASSLSGTDTQYF	TRBV7-3	TRBJ2-3	GTSGSPIINR	NA	1
CASSLNSGSAGELFF	TRBV7-3	TRBJ2-2	GTSGSPIVNR	NA	1
CASSLMGNSPLHF	TRBV7-3	TRBJ1-6	RAKFKQLL	NA	1
CASSLMASGGYNEQFF	TRBV7-3	TRBJ2-1	RAKFKQLL	NA	1
CASSLIWDRGNYGYTF	TRBV7-3	TRBJ1-2	KAFSPEVIPMF	NA	1
CASSLIGGGNTEAFF	TRBV7-3	TRBJ1-1	GTSGSPIINR	NA	1
CASSLIASGGYNEQFF	TRBV7-3	TRBJ2-1	RAKFKQLL	NA	1
CASSLAVLSSYNEQFF	TRBV7-3	TRBJ2-1	RAKFKQLL	NA	1
CASSLAGVGNEQFF	TRBV7-3	TRBJ2-1	GTSGSPIVNR	NA	1
CTRAYNQPQHF	TRBV7-2	TRBJ1-5	KRWIILGLNK	NA	1
CATREPNTGELFF	TRBV7-2	TRBJ2-2	TPQDLNTML	NA	1
CASSVLAGDTQYF	TRBV7-2	TRBJ2-3	RAKFKQLL	NA	1
CASSTPTSGVNTGELFF	TRBV7-2	TRBJ2-2	RAKFKQLL	NA	1
CASSSLADFYQPQHF	TRBV7-2	TRBJ1-5	CINGVCWTV	NA	1
CASSSGMRGTEAFF	TRBV7-2	TRBJ1-1	KRWIILGLNK	NA	1
CASSSFGPSNQPQHF	TRBV7-2	TRBJ1-5	KRWIILGLNK	NA	1
CASSQIVTSAAQYF	TRBV7-2	TRBJ2-7	RAKFKQLL	NA	1
CASSQGVGNTIYF	TRBV7-2	TRBJ1-3	KRWIILGLNK	NA	1
CASSPLGGHHSGANVLTF	TRBV7-2	TRBJ2-6	KRWIILGLNK	NA	1
CASSLYGEYEQYF	TRBV7-2	TRBJ2-7	KRWIILGLNK	NA	1
CASSLWIQETQYF	TRBV7-2	TRBJ2-5	RAKFKQLL	NA	1
CASSLVLSSPTYYEQYF	TRBV7-2	TRBJ2-7	RAKFKQLL	NA	1
CASSLVLSSPTYEQYF	TRBV7-2	TRBJ2-7	RAKFKQLL	NA	1
CASSLVGQLETQYF	TRBV7-2	TRBJ2-5	ATDALMTGY	NA	1
CASSLVGQLDEQYF	TRBV7-2	TRBJ2-7	ATDALMTGY	NA	1
CASSLVAGTYNEQFF	TRBV7-2	TRBJ2-1	KRWIILGLNK	NA	1
CASSLMGVRDTEAFF	TRBV7-2	TRBJ1-1	RAKFKQLL	NA	1
CASSLLGQYNSPLHF	TRBV7-2	TRBJ1-6	RAKFKQLL	NA	1
CASSLLGHPSGELFF	TRBV7-2	TRBJ2-2	RAKFKQLL	NA	1
CASSLLGGNPTQYF	TRBV7-2	TRBJ2-3	KRWIILGLNK	NA	1
CASSLGVNAVEQYF	TRBV7-2	TRBJ2-7	KRWIILGLNK	NA	1
CASSLGTGAPYEQYF	TRBV7-2	TRBJ2-7	CINGVCWTV	NA	1
CASSLGRDGVYF	TRBV7-2	TRBJ2-7	RAKFKQLL	NA	1
CASSGMRGTEAFF	TRBV7-2	TRBJ1-1	KRWIILGLNK	NA	1
CASSFSLGAAGELFF	TRBV7-2	TRBJ2-2	YVLDHLIVV	NA	1
CASSFGPSNQPQHF	TRBV7-2	TRBJ1-5	KRWIILGLNK	NA	1
CASRPTGQLETQYF	TRBV7-2	TRBJ2-5	ATDALMTGY	NA	1
CASGEGTLSYEQYF	TRBV7-2	TRBJ2-7	KRWIILGLNK	NA	1
CASSYGQAGEQYF	TRBV7-6	TRBJ2-7	KAFSPEVIPMF	NA	1
CASSSWEGLDTQYF	TRBV7-6	TRBJ2-3	KAFSPEVIPMF	NA	1
CASSPWGDGTDTQYF	TRBV7-7	TRBJ2-3	KAFSPEVIPMF	NA	1
CASSPTSIANTGELFF	TRBV7-7	TRBJ2-2	LLLGIGILV	NA	1
CASSPMDLLDEQYF	TRBV7-6	TRBJ2-7	KAFSPEVIPMF	NA	1
CASSLWAGGLYEQFF	TRBV7-6	TRBJ2-1	RAKFKQLL	NA	1
CASSLVTGEGLGEQFF	TRBV7-6	TRBJ2-1	RAKFKQLL	NA	1
CASSLRRDSGPPSNQPQHF	TRBV7-6	TRBJ1-5	KAFSPEVIPMF	NA	1
CASSLMSGTDTQYF	TRBV7-6	TRBJ2-3	KAFSPEVIPMF	NA	1
CASSLMQGTDTQYF	TRBV7-6	TRBJ2-3	KAFSPEVIPMF	NA	1
CASSLLIGANNEQFF	TRBV7-6	TRBJ2-1	RAKFKQLL	NA	1
CASSFWGQGTDTQYF	TRBV7-6	TRBJ2-3	KAFSPEVIPMF	NA	1
CASSFVGEGYEQYF	TRBV7-6	TRBJ2-7	RAKFKQLL	NA	1
CASRLLGGGQETQYF	TRBV7-6	TRBJ2-5	KRWIILGLNK	NA	1
CASTPGLWNTEAFF	TRBV12-3	TRBJ1-1	GTSGSPIVNR	NA	1
CASSYVIYEQYF	TRBV12-3	TRBJ2-7	TPRVTGGGAM	NA	1
CASSWPEETQYF	TRBV12-3	TRBJ2-5	GTSGSPIINR	NA	1
CASSWGSYEQFF	TRBV12-3	TRBJ2-1	GTSGSPIVNR	NA	1
CASSWGAAEAFF	TRBV12-3	TRBJ1-1	GTSGSPIVNR	NA	1
CASSVNSGFEAFF	TRBV12-3	TRBJ1-1	TPQDLNTML	NA	1
CASSVLGGYTF	TRBV12-3	TRBJ1-2	TPQDLNTML	NA	1
CASSTGTVYNEQFF	TRBV12-3	TRBJ2-1	KRWIILGLNK	NA	1
CASSSTGRDTDTQYF	TRBV12-4	TRBJ2-3	RAKFKQLL	NA	1
CASSSMVAGEYEQFF	TRBV12-3	TRBJ2-1	RAKFKQLL	NA	1
CASSSGSYEQYF	TRBV12-3	TRBJ2-7	GTSGSPIVNR	NA	1
CASSRKTGPYEQYF	TRBV12-3	TRBJ2-7	KRWIILGLNK	NA	1
CASSQGSLSEAFF	TRBV12-3	TRBJ1-1	TPQDLNTML	NA	1
CASSQGPTEAFF	TRBV12-3	TRBJ1-1	TPQDLNTML	NA	1
CASSPYGIDEQYF	TRBV12-3	TRBJ2-7	RAKFKQLL	NA	1
CASSPSQDTEAFF	TRBV12-3	TRBJ1-1	GTSGSPIINR	NA	1
CASSPLAGVGETQYF	TRBV12-3	TRBJ2-5	RAKFKQLL	NA	1
CASSPGVEKLFF	TRBV12-3	TRBJ1-4	GTSGSPIVNR	NA	1
CASSPGTSGGGDEETQYF	TRBV12-3	TRBJ2-5	RAKFKQLL	NA	1
CASSPGTLHGYTF	TRBV12-3	TRBJ1-2	GTSGSPIVNR	NA	1
CASSPGTEHGYTF	TRBV12-3	TRBJ1-2	GTSGSPIVNR	NA	1
CASSPGTDEAFF	TRBV12-3	TRBJ1-1	GTSGSPIVNR	NA	1
CASSPGTAEAFF	TRBV12-3	TRBJ1-1	GTSGSPIVNR	NA	1
CASSPGGARAFF	TRBV12-3	TRBJ1-1	GTSGSPIVNR	NA	1
CASSLSSLGEAFF	TRBV12-3	TRBJ1-1	TPQDLNTML	NA	1
CASSLSGTGELFF	TRBV12-3	TRBJ2-2	CINGVCWTV	NA	1
CASSLPGELFF	TRBV12-3	TRBJ2-2	TPQDLNTML	NA	1
CASSLNGADGYTF	TRBV12-3	TRBJ1-2	TPQDLNTML	NA	1
CASSLLGEKAYEQYF	TRBV12-3	TRBJ2-7	RAKFKQLL	NA	1
CASSLIAGGGEDTQYF	TRBV12-4	TRBJ2-3	KAFSPEVIPMF	NA	1
CASSLGYTEAFF	TRBV12-3	TRBJ1-1	TPQDLNTML	NA	1
CASSLGVPEAFF	TRBV12-3	TRBJ1-1	GTSGSPIVNR	NA	1
CASSLGVNTIYF	TRBV12-3	TRBJ1-3	TPQDLNTML	NA	1
CASSLGTSFRTDTQYF	TRBV12-3	TRBJ2-3	YVLDHLIVV	NA	1
CASSLGTREAFF	TRBV12-3	TRBJ1-1	GTSGSPIVNR	NA	1
CASSLGTPNEQFF	TRBV12-3	TRBJ2-1	TPRVTGGGAM	NA	1
CASSLGSYEQYF	TRBV12-3	TRBJ2-7	GTSGSPIVNR	NA	1
CASSLGQLREAFF	TRBV12-3	TRBJ1-1	TPQDLNTML	NA	1
CASSLGPTEAFF	TRBV12-3	TRBJ1-1	TPQDLNTML	NA	1
CASSLGLSGRWAFF	TRBV12-3	TRBJ1-1	TPQDLNTML	NA	1
CASSLGLNTIYF	TRBV12-3	TRBJ1-3	TPQDLNTML	NA	1
CASSLGGLNTIYF	TRBV12-3	TRBJ1-3	TPQDLNTML	NA	1
CASSLGAPEAFF	TRBV12-3	TRBJ1-1	GTSGSPIVNR	NA	1
CASSLGANTIYF	TRBV12-3	TRBJ1-3	TPQDLNTML	NA	1
CASSLGAGVQETQYF	TRBV12-3	TRBJ2-5	GTSGSPIVNR	NA	1
CASSLDPEKGAFF	TRBV12-3	TRBJ1-1	TPQDLNTML	NA	1
CASSLAVEGVSRMNTEAFF	TRBV12-4	TRBJ1-1	YVLDHLIVV	NA	1
CASSIGVETQYF	TRBV12-3	TRBJ2-5	GTSGSPIVNR	NA	1
CASSIAGGGEDTQYF	TRBV12-4	TRBJ2-3	KRWIILGLNK	NA	1
CASSFSKNTEAFF	TRBV12-3	TRBJ1-1	TPQDLNTML	NA	1
CASSFSGSLTTEAFF	TRBV12-3	TRBJ1-1	RAKFKQLL	NA	1
CASSFSGQGAATNEKLFF	TRBV12-3	TRBJ1-4	RAKFKQLL	NA	1
CASSFSGNTGELFF	TRBV12-3	TRBJ2-2	RAKFKQLL	NA	1
CASSFRGEGSYEQYF	TRBV12-3	TRBJ2-7	RAKFKQLL	NA	1
CASSFIAGTEAFF	TRBV12-3	TRBJ1-1	KRWIILGLNK	NA	1
CASSFGNPEAFF	TRBV12-3	TRBJ1-1	GTSGSPIVNR	NA	1
CASSFGLDEAFF	TRBV12-3	TRBJ1-1	TPQDLNTML	NA	1
CASSFGGASYEQYF	TRBV12-3	TRBJ2-7	GTSGSPIVNR	NA	1
CASSFGAINEAFF	TRBV12-3	TRBJ1-1	TPQDLNTML	NA	1
CASSFGAGSQETQYF	TRBV12-3	TRBJ2-5	GTSGSPIVNR	NA	1
CASRYTGQETYEQYF	TRBV12-3	TRBJ2-7	RAKFKQLL	NA	1
CASRQGPYEQYF	TRBV12-3	TRBJ2-7	TPQDLNTML	NA	1
CASRDPGLAGEGHGELFF	TRBV12-3	TRBJ2-2	RAKFKQLL	NA	1
CASNPSWAYSNQPQHF	TRBV12-3	TRBJ1-5	TPQDLNTML	NA	1
CASNLGTEETQYF	TRBV12-3	TRBJ2-5	GTSGSPIVNR	NA	1
CASLFTGTSPTDTQYF	TRBV12-3	TRBJ2-3	RAKFKQLL	NA	1
CASKKSTGGNTDTQYF	TRBV12-3	TRBJ2-3	KRWIILGLNK	NA	1
CASKAGGSYNEQFF	TRBV12-3	TRBJ2-1	TPQDLNTML	NA	1
CSVVLAPVQEQFF	TRBV29-1	TRBJ2-1	YVLDHLIVV	NA	1
CSVVDAAPGANVLTF	TRBV29-1	TRBJ2-6	LLWNGPMAV	NA	1
CSVSAGEEDTQYF	TRBV29-1	TRBJ2-3	RAKFKQLL	NA	1
CSVRTGGLGANVLTF	TRBV29-1	TRBJ2-6	VTEHDTLLY	NA	1
CSVPEQFF	TRBV29-1	TRBJ2-1	KRWIILGLNK	NA	1
CSVKGGFPYNEQFF	TRBV29-1	TRBJ2-1	RAKFKQLL	NA	1
CSVIGGFGTGELFF	TRBV29-1	TRBJ2-2	TPRVTGGGAM	NA	1
CSVGTGDNSPLHF	TRBV29-1	TRBJ1-6	RAKFKQLL	NA	1
CSVGSGEDNEQFF	TRBV29-1	TRBJ2-1	RAKFKQLL	NA	1
CSVGQGGNYGYTF	TRBV29-1	TRBJ1-2	RAKFKQLL	NA	1
CSVGQGEDGPQHF	TRBV29-1	TRBJ1-5	RAKFKQLL	NA	1
CSVGGVSSGVYNEQFF	TRBV29-1	TRBJ2-1	RAKFKQLL	NA	1
CSVGGGTEAFF	TRBV29-1	TRBJ1-1	RAKFKQLL	NA	1
CSVGFGEGYEQYF	TRBV29-1	TRBJ2-7	RAKFKQLL	NA	1
CSVGAGEGYEQYF	TRBV29-1	TRBJ2-7	RAKFKQLL	NA	1
CSVGAGEGGPQHF	TRBV29-1	TRBJ1-5	RAKFKQLL	NA	1
CSVGAGDYEQYF	TRBV29-1	TRBJ2-7	RAKFKQLL	NA	1
CSVEGEEDANYEQYF	TRBV29-1	TRBJ2-7	KRWIILGLNK	NA	1
CSVEERVWGGEQYF	TRBV29-1	TRBJ2-7	TPRVTGGGAM	NA	1
CSVEERVRGGEQYF	TRBV29-1	TRBJ2-7	TPRVTGGGAM	NA	1
CSVEDPDRPSYGYTF	TRBV29-1	TRBJ1-2	KAFSPEVIPMF	NA	1
CSTGTGEGGTQYF	TRBV29-1	TRBJ2-5	RAKFKQLL	NA	1
CSTGQGPYEQYF	TRBV29-1	TRBJ2-7	RAKFKQLL	NA	1
CSSGTGDGGEQFF	TRBV29-1	TRBJ2-1	RAKFKQLL	NA	1
CSGRSKGAVNEKLFF	TRBV29-1	TRBJ1-4	TPRVTGGGAM	NA	1
CSGGQGEGEQYF	TRBV29-1	TRBJ2-7	RAKFKQLL	NA	1
CSGGQGEGEQFF	TRBV29-1	TRBJ2-1	RAKFKQLL	NA	1
CSGGQGDGYTF	TRBV29-1	TRBJ1-2	LLLGIGILV	NA	1
CSGGALGQDFGGYTF	TRBV29-1	TRBJ1-2	TPRVTGGGAM	NA	1
CSAGTGEGGEQFF	TRBV29-1	TRBJ2-1	RAKFKQLL	NA	1
CSAGQGEGEQYF	TRBV29-1	TRBJ2-7	RAKFKQLL	NA	1
